,energy,gradients
0,-2.126739411312264,-0.3777800757887558
1,-2.15472285002108,-0.3782295099577433
2,-2.1607665653067536,-0.13220982605835851
3,-2.161800865671861,-0.09656676435676012
4,-2.1627871450735605,-0.09111295066778512
5,-2.1637818801130164,-0.07614562266091762
6,-2.1644979694549997,-0.06931869912932692
7,-2.1648378506430843,-0.051634823625505526
8,-2.1648380708979618,-0.02804850661821741
9,-2.164905791732326,-0.021798070435533633
