,energy,gradients
0,-2.134012961756489,0.4093557904476354
1,-2.156370259862012,0.38896883786979275
2,-2.1623360165416208,0.18567911061979933
3,-2.163769427344448,0.11777845658836454
4,-2.165067209560537,0.06167686496405406
5,-2.1654143501470267,0.034190600376831234
6,-2.1654788196098953,0.020471824695144705
7,-2.1654829803141395,0.013093575910498369
8,-2.1654830934206757,0.0077028042804332675
9,-2.1654853361413737,0.005673086778316155
