,energy,gradients
0,-2.0985459369977626,0.13728272020738627
1,-2.1224998299849895,0.12113323100455095
2,-2.1328391617823774,0.12077073951314374
3,-2.1439830465163485,0.12307080097460561
4,-2.1504271778248363,0.08118836581205158
5,-2.152857634379316,0.0691046054314773
6,-2.156840058586697,0.07112925899371539
7,-2.1589143081292628,0.062280839631786655
8,-2.161871680264177,0.05567085676651017
9,-2.1628369453619456,0.029187717030708715
10,-2.1654700808703335
