,energy,terms
0,-2.0985459369977626,185
1,-2.1224998299849895,271
2,-2.127174345052255,374
3,-2.1302688405206167,525
4,-2.140857480833595,799
5,-2.1524673513448125,1032
6,-2.1571477580999603,1253
7,-2.159406268142718,1421
8,-2.1618266697614437,1498
9,-2.1636890912850046,1725
10,-2.1654870084504596,1928
